{"_runtime":89.5295154,"_step":294,"acc":0.711340206185567,"loss":0.9044323784788859,"_wandb":{"runtime":89},"train_batch_avg_loss":0.014264073222875595,"examples_seen":456,"_timestamp":1.7491791309690163e+09}