{"_wandb":{"runtime":93},"_step":294,"train_batch_avg_loss":1.2796882788340251,"examples_seen":456,"_timestamp":1.7491798234363859e+09,"_runtime":93.6179758,"acc":0.3917525773195876,"loss":1.0767941794444604}