{"_wandb":{"runtime":2},"train text":{"bins":[299.5,299.515625,299.53125,299.546875,299.5625,299.578125,299.59375,299.609375,299.625,299.640625,299.65625,299.671875,299.6875,299.703125,299.71875,299.734375,299.75,299.765625,299.78125,299.796875,299.8125,299.828125,299.84375,299.859375,299.875,299.890625,299.90625,299.921875,299.9375,299.953125,299.96875,299.984375,300,300.015625,300.03125,300.046875,300.0625,300.078125,300.09375,300.109375,300.125,300.140625,300.15625,300.171875,300.1875,300.203125,300.21875,300.234375,300.25,300.265625,300.28125,300.296875,300.3125,300.328125,300.34375,300.359375,300.375,300.390625,300.40625,300.421875,300.4375,300.453125,300.46875,300.484375,300.5],"_type":"histogram","values":[0,0,0,0,0,0,0,0,0,0,0,0,0,0,0,0,0,0,0,0,0,0,0,0,0,0,0,0,0,0,0,0,1,0,0,0,0,0,0,0,0,0,0,0,0,0,0,0,0,0,0,0,0,0,0,0,0,0,0,0,0,0,0,0]},"_timestamp":1.7492446153118505e+09,"_runtime":0.6536406,"_step":0}