{"_runtime":87.0887262,"_step":349,"acc":68,"loss":85.30094343423843,"_timestamp":1.7491659408076398e+09,"_wandb":{"runtime":88}}