{"examples_seen":456,"_timestamp":1.7492427097287877e+09,"_runtime":114.1360728,"acc":0.7010309278350515,"loss":0.9093617609865272,"_wandb":{"runtime":114},"_step":299,"train_batch_avg_loss":0.05868799487749735}