{"train_batch_avg_loss":0.0772565205891927,"acc":0.7525773195876289,"loss":0.8294245668293274,"_wandb":{"runtime":99},"examples_seen":456,"_timestamp":1.7491863837925777e+09,"_runtime":99.4294647,"_step":294}