{"_wandb":{"runtime":112},"acc":0.711340206185567,"loss":0.800402286433682,"_timestamp":1.7491783928212903e+09,"_runtime":112.4533662,"_step":9}