{"text num":{"values":[0,0,0,0,0,0,0,0,0,0,0,0,0,0,0,0,0,0,0,0,0,0,0,0,0,0,0,0,0,0,0,0,1,0,0,0,0,0,0,0,0,0,0,0,0,0,0,0,0,0,0,0,0,0,0,0,0,0,0,0,0,0,0,0],"bins":[576.5,576.515625,576.53125,576.546875,576.5625,576.578125,576.59375,576.609375,576.625,576.640625,576.65625,576.671875,576.6875,576.703125,576.71875,576.734375,576.75,576.765625,576.78125,576.796875,576.8125,576.828125,576.84375,576.859375,576.875,576.890625,576.90625,576.921875,576.9375,576.953125,576.96875,576.984375,577,577.015625,577.03125,577.046875,577.0625,577.078125,577.09375,577.109375,577.125,577.140625,577.15625,577.171875,577.1875,577.203125,577.21875,577.234375,577.25,577.265625,577.28125,577.296875,577.3125,577.328125,577.34375,577.359375,577.375,577.390625,577.40625,577.421875,577.4375,577.453125,577.46875,577.484375,577.5],"_type":"histogram"},"_timestamp":1.7492451926115317e+09,"_runtime":17.9848707,"_step":1893,"_wandb":{"runtime":17}}